temperature,actuall time,Va,Vdc,Ia,Idc,IR,Pr,Drop,Drop100,ED,CE
25,21070,4.11181,3.6028,-0.00107316,-4.9983,0.101858494,88.5,0,11.5,13.9424,1.0048
-10,11094,4.07188,3.47405,-0.00106,-4.99831,0.119631797,69.9,18.6,30.1,11.2722,1.0014
-15,4907,4.05889,3.42009,-0.00106,-4.99847,0.127826214,65.7,22.8,34.3,9.96583,1.0015
-20,12554,4.03497,3.31024,-0.00105,-4.99822,0.145028086,61.1,27.4,38.9,9.0944,0.9903
-25,10165,4.02322,3.18426,-0.00105,-4.99843,0.167879969,57.1,31.4,42.9,8.2196,0.9948
-30,15333,3.9992,3.01048,-0.00104,-4.99839,0.19784886,48.1,40.4,51.9,6.82658,0.9547
