temperature,actuall time,Va,Vdc,Ia,Idc,IR,Pr
25,31556,4.169,3.85675,-0.00109,-4.2034,0.074304371,98.5
-10,11686,4.08104,3.50771,-0.00106,-4.2032,0.136437625,67
-15,4124,4.03133,3.35496,-0.00105,-4.20328,0.160955017,58.5
-20,12982,3.94316,3.13738,-0.00103,-4.20324,0.191751483,42
-25,5128,3.91426,2.97077,-0.00102,-4.20319,0.224524472,36.3
-30,211,3.87724,2.8123,-0.00101,-4.20318,0.253426206,28.9
